price,1h,24h,7d,24h_volume,mkt_cap,volume_mcap_ratio,abs_1h_change,abs_24h_change,abs_7d_change,liquidity_label,log_mkt_cap,volatility_score,volume_growth_rate,Actual,Predicted
-0.14187153973804226,2.9433706516026814,3.0540633761304252,1.0029620505209649,-0.09269718316457273,-0.09555890636328525,0.0612117554540772,2.9665561229603776,3.195376422804841,0.7805228447748449,-0.31819532727054617,-0.6316050993341459,1.6052353592729427,-0.049557022437263995,1,1
-0.14169598373879497,-0.26314989449576925,-0.3540627119473643,-0.04927844937400698,-0.09560440355305148,-0.08167713409733335,-0.30264926067136055,-0.4030245143514234,-0.6186538477397688,-0.34300688032308274,-0.31819532727054617,0.33130209712482594,-0.4697347420543067,-0.04995561391329422,0,0
-0.14191954619883335,0.5643392786909276,-0.03287805443217971,-0.26604902445966644,-0.09393678865599882,-0.08522828800927966,-0.2517323131633125,0.4665446823742025,-0.25921644004446504,-0.1983464006967401,-0.31819532727054617,0.18422308389373798,-0.2420671852195555,-0.05020157913454868,0,0
0.18352703468427148,0.0816372609986878,0.43105533975642013,-0.3563700974120245,-0.09724890392071614,-0.09637382745820991,-0.2949411728167338,-0.040704015715745896,0.25997092662652926,-0.10190608094584502,-0.31819532727054617,-0.7679072994362816,-0.006411293057269186,-0.05020129560857226,0,0
-0.14146347877968918,0.5643392786909276,-0.8358396982201411,0.18104028665450622,-0.08408824416660825,-0.09186266039520978,0.25855864058359873,0.4665446823742025,-0.19931020542858108,-0.09708406495830027,-0.31819532727054617,-0.22179210038784325,-0.14021590979348258,-0.05019301955813198,1,1
-0.14169616080026384,-0.22867117894632355,-0.3183755277790104,-0.08540687855495022,-0.0974855565736799,-0.09735987227555705,-0.30828523489182963,-0.3667924644878557,-0.5787163579958462,-0.3815830082234407,-0.31819532727054617,-0.980004354284298,-0.48970558037314454,-0.049793500695942926,0,0
-0.1419157072166074,-0.22867117894632355,0.27046301099882786,-0.3789503656501141,-0.012531447985082093,-0.07898614881213274,1.1210168704910095,-0.3667924644878557,0.08025222277887738,-0.07779600100812123,-0.31819532727054617,0.4249300794706382,-0.04036171819929349,-0.04913385452397725,1,1
-0.14138076066923808,-0.4700221877924435,-0.15778319902141996,-0.45120722401200053,-0.0816796701913462,-0.08413706216143135,0.02084505397684108,-0.33056041462428787,-0.39899765414819627,-0.0006437452074051717,-0.31819532727054617,0.2328628095008039,-0.12024507147464542,-0.049675863248243995,1,1
-0.14187928751867954,0.5643392786909276,-0.3897498961157181,-0.35185404376440615,-0.09655673739321391,-0.08484194482746717,-0.3164903574911246,0.4665446823742025,-0.6585913374836915,-0.10672809693339025,-0.31819532727054617,0.20184069009437838,-0.28600302952099915,-0.049867195643759195,0,0
-0.13120866870835907,0.46090313204259054,-0.3005319356948335,-0.4105627411834394,-0.0941360409781768,-0.09640791663487484,0.013002100314634096,0.3578485327834993,-0.5587476131238849,-0.044041889095308,-0.31819532727054617,-0.7742439513228058,-0.20412259241376365,-0.04877346115942822,1,1
-0.14120191070069513,-0.19419246339687785,0.3418373793355356,0.2849095205497181,0.2809700482788944,0.020415392156577825,0.7954484009800301,-0.33056041462428787,0.16012720226672272,0.013822302755229103,-0.31819532727054617,1.620517604508331,0.059492473394895655,-0.04973677262877553,1,1
-0.10901562323678851,-0.09075631674854416,0.8593015497766662,0.6010332758829714,0.048325429496355314,-0.034142781342471125,0.4588203540598989,-0.22186426503358825,0.7392208035536009,0.35136342188336184,-0.31819532727054617,1.206863804109594,0.5128305032325143,-0.04956603741320757,1,1
-0.14091798637563324,-0.2976286100452149,0.6451784447665432,-0.36088615105964245,-0.06186559912996047,-0.06854882012207435,0.06792787595770561,-0.4392565642149911,0.4995958650900651,-0.09708406495830027,-0.31819532727054617,0.7007229416499077,0.06947789255431451,-0.04950356904068967,1,1
-0.14187670559582116,-0.7113731966385634,-0.5681858169574873,-0.08540687855495022,-0.09776015659734057,-0.09148592572043421,-0.3451048158476495,-0.07693606557931368,-0.4988413785080009,-0.3815830082234407,3.142723711809093,-0.19104332483778907,-0.4657405743905392,-0.05022251265975883,0,0
-0.14180013567660119,2.184838909514876,9.816784776033478,13.164694523555985,0.26634348204600605,-0.08962784618707298,12.294528958851332,2.1694510259618864,10.763530729278182,13.766211899232866,-0.31819532727054617,-0.05677488900737924,14.632213194650857,-0.039902586139628035,1,1
-0.1418859785195652,0.25403083874591637,0.1634014584937664,-0.05831055666924324,-0.09733395388062788,-0.09602843992111915,-0.3068381942180694,0.14045623360209286,-0.03956024645289052,-0.35265091229817275,-0.31819532727054617,-0.706804087200477,-0.3039767840079532,-0.045246391616363235,0,0
-0.14152384064407242,1.5297433140754073,2.6615043502785345,0.2623292523116285,-0.09760260833786423,-0.09783310864759888,-0.31940586191997256,1.4810420785540994,2.756064035621694,-0.010287777182494687,-0.31819532727054617,-1.1110374992463217,0.8183843295107329,-0.05021350619113033,0,0
-0.14150148439800453,0.3574669853942534,0.05633990598870484,0.06362289181644068,-0.08324950602794821,-0.0919505405147026,0.3025169903356133,0.2491523831927961,-0.1593727156846585,-0.22245648063446385,-0.31819532727054617,-0.22916745660382892,-0.2320817660601366,-0.04983106422976391,1,1
-0.14191437551774713,-0.883766774385792,1.341078536049443,3.0035738164156975,0.13844786431576786,-0.09645409150282414,23.283733168305684,0.1042241837385251,1.2783769150965567,2.916675927257171,-0.31819532727054617,-0.7829215487107516,2.799491490739446,-0.049598512050847886,1,1
-0.1419187530218096,0.1850734076470249,-0.24700115944230278,-0.3563700974120245,-0.08796198470284516,-0.08967469318420514,-0.0034526898628547183,0.06799213387495731,-0.4988413785080009,-0.10190608094584502,-0.31819532727054617,-0.0598564058737577,-0.2340788498920204,-0.03658065023878656,1,1
-0.14190715511608695,0.21955212319647063,-0.46112426445242577,-0.48733565319294375,-0.09669323031814686,-0.09784754383761898,-0.17154048508863654,0.1042241837385251,-0.6186538477397688,0.03793238269295283,-0.31819532727054617,-1.1154557821770197,-0.15419549661666904,-0.05000654885445681,1,1
-0.1418973728658644,-0.05627760119909502,0.09202709015705691,-0.17572795150730833,-0.07853426954290034,-0.09604164242582408,1.3819072117513111,-0.18563221517001688,-0.11943522594073781,-0.29478672044763515,-0.31819532727054617,-0.7090424317089724,-0.280011778025348,-0.04967289820280641,1,1
-0.14190587483104447,-0.15971374784743214,0.2169322347462972,0.23523293042592106,-0.09745261155379695,-0.09264381380793317,-0.33008448811379115,-0.2943283647607201,0.0203459881629935,-0.03921987310776324,-0.31819532727054617,-0.2903095444127952,-0.02638213137610703,-0.05020950072438094,0,0
-0.12232653214559591,-0.33210732559466066,-0.7644653298834334,-0.622817262621481,0.4608984349580236,0.9584369876141716,-0.15366754969741622,-0.47548861407855886,-0.27918518491642635,0.18259286231929545,-0.31819532727054617,3.1114389375991336,0.06748080872243081,-0.04995631840425754,1,1
-0.14186859877387203,0.9091264341853846,0.8414579576924894,0.032010516283115326,-0.07411243920241742,-0.07401381121493525,-0.015957413841395283,0.8288651810098799,0.7192520586816398,-0.2562105925472772,-0.31819532727054617,0.5701387091951575,0.003574126102149736,-0.004256008424887914,1,1
-0.11617185760311242,-0.2976286100452149,0.5024297080931278,0.11329948194023762,-0.07791463004604293,-0.07492957311587839,-0.05882963272469522,-0.4392565642149911,0.3398459061143745,-0.16941430477147157,-0.31819532727054617,0.5456023570388623,-0.03836463436740979,-0.049604669388629785,1,1
-0.12455321425395535,-2.538745120759186,0.1634014584937664,1.3913426642161044,-0.09774035910869924,-0.09460061340614637,-0.34373877233185895,1.843362577189777,-0.03956024645289052,1.1952162197036933,3.142723711809093,-0.4997595059573038,0.978151036061435,-0.05000410630736284,0,0
-0.14185354519558224,-0.2976286100452149,-0.3897498961157181,-0.3924985265929678,-0.09775965620457766,-0.09569782514815765,-0.3449699098897366,-0.4392565642149911,-0.6585913374836915,-0.06332995304548696,3.142723711809093,-0.6530083783820148,-0.2500555205470906,-0.049052248503236716,0,0
-0.14190504737013548,0.28850955429536196,0.234775826830474,-0.12605136138351136,-0.09768958603508775,-0.09416068477281264,-0.34073566776549163,0.17668828346566054,0.0403147330349547,-0.3478288963106275,3.142723711809093,-0.44679096280372677,-0.27601761036157985,-0.049825554115482666,0,0
-0.13684691396667484,0.46090313204259054,0.466742523924774,0.5107122029306134,-0.09743553956675963,-0.09681998751204907,-0.30883068659568713,0.3578485327834993,0.29990841637045196,0.25492310213246683,-0.31819532727054617,-0.8558642499334926,0.30113961705283343,-0.043062476398655465,0,0
-0.12064981369050597,0.6332967097898157,-1.1570243557353257,-0.6544296381548064,-0.09468019916091826,-0.09641804116727064,-0.03990650599932497,0.5390087821013344,0.16012720226672272,0.21634697423210875,-0.31819532727054617,-0.776137273034323,0.22724751527313342,-0.03993221343349311,1,1
-0.14058487830922203,-0.22867117894632355,-0.3540627119473643,-0.1486316296216009,-0.07563531360528929,-0.0796935318630474,0.048655365083070536,-0.3667924644878557,-0.6186538477397688,-0.32371881637290373,-0.31819532727054617,0.40152884045961773,-0.45375807139923646,-0.04986738890968856,1,1
-0.1419148668940807,-0.40106475669355207,-0.5860294090416642,-0.022182127488299543,-0.09653793486055182,-0.09644520241225416,-0.2230078967802331,-0.4030245143514234,-0.47887263363603955,-0.31407478439781417,-0.31819532727054617,-0.7812424782931888,-0.4038309756021419,-0.04987185887944773,0,0
-0.1418068979939118,0.012679829899796392,-0.3183755277790104,-0.19379216609777997,-0.08619270761359639,-0.09297117136976132,0.24527560347759725,-0.1131681154428814,-0.5787163579958462,-0.27549865649745614,-0.31819532727054617,-0.3211904112072741,-0.4018338917702582,-0.04932161802116796,1,1
-0.1418511922006836,0.3574669853942534,-0.22915756735812584,-0.16217979056445458,-0.09481333336187085,-0.09747029126699515,0.06459799022908337,0.2491523831927961,-0.47887263363603955,-0.30925276841026944,-0.31819532727054617,-1.0084160404375824,-0.39983680793837434,-0.0495868223469579,1,1
-0.1399410184224675,-0.3665860411441064,-0.9964320269777334,-1.1873239685737191,-0.09746038751523962,-0.09475123151139214,-0.32463735760185297,-0.4392565642149911,-0.01959150158092918,0.7853448607623896,-0.31819532727054617,-0.5188765654682747,0.6446380361368441,-0.049963984155674566,0,0
-0.14189545622652322,-0.3665860411441064,0.37752456350388935,0.032010516283115326,-0.09455968774221796,-0.0929261057676439,-0.1827737313733208,-0.4392565642149911,0.20006469201064528,-0.2562105925472772,-0.31819532727054617,-0.3168558032651991,-0.15219841278478533,-0.04971409995590535,1,1
-0.14190945090028015,0.46090313204259054,0.19908864266212026,-0.5686246188500661,-0.09475744334716504,-0.09241115278985987,-0.2030336743600904,0.3578485327834993,0.0003772432910321597,0.1247286704687584,-0.31819532727054617,-0.2691771560316933,0.10342831769633881,-0.045979788504386124,1,1
-0.14183291753446034,0.3229882698448077,-0.193470383189772,-0.4150787948310573,-0.09107989022114756,-0.09552227204125883,0.18666780457055207,0.2129203333292283,-0.43893514389211696,-0.03921987310776324,-0.31819532727054617,-0.6260703452353659,-0.16418091577608804,-0.018922967581532835,1,1
-0.14191888620358778,-0.642415765539672,-1.067806395314441,-0.6770099063928959,-0.09290086709154907,-0.09339839698468501,-0.08122407091091954,-0.14940016530644917,0.06028347790691604,0.24045705416983254,-0.31819532727054617,-0.36370322830224794,0.2172620961137145,-0.0501276776247462,1,1
-0.14150372002261133,0.21955212319647063,-0.10425242276888738,0.04104262357835069,-0.09762590245895261,-0.09404287265570346,-0.33699584653273534,0.1042241837385251,-0.3390914195323103,-0.24656656057218812,-0.31819532727054617,-0.4332738300515676,-0.30597386783983693,-0.04849075801026121,0,0
-0.14190757354842307,0.04715854544924207,0.4132117476722432,0.3300700570258971,-0.09739378988417426,-0.0967088319415836,-0.30553747608166537,-0.07693606557931368,0.24000218175456794,0.062042462630676615,-0.31819532727054617,-0.832873723552366,0.12339915601517666,-0.05021918697746024,0,0
-0.14190537054687483,0.46090313204259054,1.394609312301972,-0.004117912897827922,-0.09374432382254468,-0.0914652427677383,-0.17597101277074978,0.3578485327834993,1.3382831497124386,-0.29478672044763515,-0.31819532727054617,-0.1893944507150888,0.15734958115720027,-0.05019141652880138,1,1
-0.1419158915975034,-0.2976286100452149,-0.24700115944230278,-0.23443664892634108,-0.09612123075246361,-0.09343738513710678,-0.25556259098736533,-0.4392565642149911,-0.4988413785080009,-0.23210051260955336,-0.31819532727054617,-0.3677173393274363,-0.3419213768137446,-0.050090294040046494,0,0
-0.14191173189875217,-0.2976286100452149,-0.7287781457150796,-0.3157256145834634,-0.09764214796498483,-0.09761440062707362,-0.32750742169613933,-0.4392565642149911,-0.31912267466034905,-0.14530422483374777,-0.31819532727054617,-1.047359574220061,-0.21610509540506634,-0.049761687120481436,0,0
-0.14191954451603755,0.7022541408887104,0.18124505057794332,-0.13056741503112926,-0.09593121123960173,-0.09379667480756076,-0.23946686630957761,0.6114728818284735,-0.01959150158092918,-0.34300688032308274,-0.31819532727054617,-0.4058579528961148,-0.2899971971847663,-0.04868731276582132,0,0
-0.1416961842743222,-0.3665860411441064,-0.4432806723682488,-0.09443898585018604,-0.09682867299081604,-0.08790835075224808,-0.31736486371794714,-0.4392565642149911,-0.6386225926117302,-0.3815830082234407,-0.31819532727054617,0.047702751204530304,-0.5076793348600986,-0.04985016827913865,0,0
-0.14177639826165125,-0.3665860411441064,-0.06856523860053358,0.479099827397288,-0.09766173387664394,-0.09779830999759474,-0.3291949257489426,-0.4392565642149911,-0.29915392978838773,0.2211689902196535,-0.31819532727054617,-1.1005019502605662,0.09344289853691996,-0.05004036930106811,0,0
-0.1416736274927271,-0.40106475669355207,2.9648454157095405,0.35265032526398665,-0.07720426656909225,-0.09729016501046277,2.3271768539821203,-0.4030245143514234,3.095532698445034,0.08615254256840041,-0.31819532727054617,-0.9626556097349983,1.0001189582121566,-0.028689219460406503,1,1
-0.13624553094744926,-0.5045009033418892,-0.7466217377992564,0.6055493295305893,-0.096682467746727,-0.09631910218953033,-0.2410422934584202,-0.2943283647607201,-0.29915392978838773,0.3561854378709066,-0.31819532727054617,-0.7578555386899689,0.20527959312241173,-0.050151542372917864,0,0
-0.14188467403260713,-0.4700221877924435,-0.42543708028407196,-0.8486199450023764,-0.09770080728371036,-0.09765199674161153,-0.3359942500707898,-0.33056041462428787,-0.6585913374836915,0.4236936616965332,-0.31819532727054617,-1.0578937197893408,0.15335541349343357,-0.049825815163873736,0,0
-0.1415372543917131,0.21955212319647063,-1.2283987240720333,0.49716404198775965,-0.05852108193066211,-0.0919717186220338,1.4107299153872337,0.1042241837385251,0.24000218175456794,0.24045705416983254,-0.31819532727054617,-0.23095675176897376,0.2711833595745766,-0.048108266278849454,1,1
-0.10718464668383029,0.6677754253392614,0.3418373793355356,0.15394396476879876,-0.09768802574239492,-0.0976944456603527,-0.3338877137552446,0.5752408319649022,0.16012720226672272,-0.1260161608835688,-0.31819532727054617,-1.0699852822157776,-0.05633838885436373,-0.05022256940138023,0,0
-0.14165797812047962,-0.15971374784743214,0.020652721820351033,-0.26153297081204857,-0.09625563358918764,-0.0896672930031794,-0.2926953236971306,-0.2943283647607201,-0.19931020542858108,-0.20316841668428484,-0.31819532727054617,-0.05936871300181428,-0.22808759839636902,-0.05000967067461314,0,0
-0.13783058879366095,0.978083865284276,0.5559604843456586,0.5739369539972639,-0.08150798268089145,-0.06794550374941051,-0.1616444581082235,0.9013292807370155,0.3997521407302585,0.3224313259580933,-0.31819532727054617,0.7137261731882173,0.38701422182383605,-0.04988899004957953,1,1
-0.12920554906067827,0.3574669853942534,2.144040179837404,0.3074897887878075,-0.08877111212113135,-0.07425074420103679,-0.2188805676045854,0.2491523831927961,2.176970434334816,0.03793238269295283,-0.31819532727054617,0.5638741319890614,0.6845797127745195,-0.04741450788945159,0,0
-0.14191954619912847,1.253913589679842,1.2697041677127354,0.5739369539972639,-0.09521049645622504,-0.09516541659942782,-0.15683207798488955,1.1911856796455575,1.1985019356087114,0.3224313259580933,-0.31819532727054617,-0.5743707803196496,0.6266642816498899,0.0033538032742587527,1,1
-0.14182416640549952,-0.4700221877924435,-0.4432806723682488,-0.4376590630691468,-0.09750477396316985,-0.08669354098212229,-0.33821720371114433,-0.33056041462428787,-0.6386225926117302,-0.015109793170039446,3.142723711809093,0.11296550521613635,-0.20412259241376365,-0.049915165972692,0,0
-0.1419080161485565,-0.22867117894632355,-0.46112426445242577,-0.3924985265929678,-0.09271373038466156,-0.08236231325797923,-0.24180116266419308,-0.3667924644878557,-0.6186538477397688,-0.06332995304548696,-0.31819532727054617,0.30527175152850394,-0.2380730175557879,-0.049892263874651135,0,0
-0.14185127536591896,-0.05627760119909502,-0.15778319902141996,-0.36991825835487824,-0.0977145047426977,-0.09568813309259522,-0.34124113508431475,-0.18563221517001688,-0.39899765414819627,-0.08744003298321075,3.142723711809093,-0.6514932579944178,-0.19214008942246158,-0.050219879415952684,0,0
-0.14169598373879497,-0.33210732559466066,-0.40759348819989505,-0.12605136138351136,-0.0966048823362495,-0.08483166711183607,-0.3176554045937805,-0.47548861407855886,-0.6785600823556528,-0.3478288963106275,-0.31819532727054617,0.20230324148457493,-0.49170266420502834,-0.05022176687158782,0,0
-0.1399387827978607,-0.22867117894632355,0.3061501951671817,-0.13508346867874718,-0.0921125284901311,-0.09657538496163587,0.23952998865252206,-0.3667924644878557,0.12018971252280006,-0.33818486433553796,-0.31819532727054617,-0.8062531065578542,-0.2440642690514393,-0.04929983501604258,1,1
-0.14173593457408074,-0.3665860411441064,0.8236143656083126,-0.0628266103168607,-0.06023480160903416,-0.09713085408476921,4.269708872651164,-0.4392565642149911,0.6992833138096785,-0.3574729282857169,-0.31819532727054617,-0.9245797156791128,-0.08629464633262049,-0.04957005464055488,1,1
-0.14168033436654745,-0.33210732559466066,-1.281929500324564,0.379746647149694,-0.09727429136266406,-0.09719390673934036,-0.2838594626141146,-0.47548861407855886,0.29990841637045196,0.11508463849366889,-0.31819532727054617,-0.9393978794374223,0.1853087548035739,-0.050159791119164326,0,0
-0.14128462881114623,-0.40106475669355207,-0.08640883068471052,-0.07637477125971441,-0.0925515210057856,-0.09179232891171317,-0.11707436597130456,-0.4030245143514234,-0.31912267466034905,-0.3719389762483512,-0.31819532727054617,-0.2159461045518673,-0.40383097560214193,-0.049757204115719385,1,1
-0.14190720619783356,1.0470412963831675,-0.7287781457150796,-0.8802323205357016,-0.09773644098889875,-0.09765206873904475,-0.3413159248228109,0.9737933804641511,-0.31912267466034905,0.4574477736093464,3.142723711809093,-1.0579140488826089,0.2831658625658793,-0.04958740929021707,0,0
-0.13569333166957295,-0.26314989449576925,-0.49681144862077964,-0.7537828184024002,-0.09459771736232182,-0.08724479848512148,-0.25573428762189687,-0.4030245143514234,-0.5787163579958462,0.3224313259580933,-0.31819532727054617,0.08411731733768513,0.09344289853691996,-0.04908468518871576,0,0
-0.1419170918345561,0.4264244164931448,-0.7644653298834334,-0.3924985265929678,-0.09599797158074763,-0.09656286449642593,-0.16323836022644325,0.3216164829199315,-0.27918518491642635,-0.06332995304548696,-0.31819532727054617,-0.8038076624109908,-0.13622174212971502,-0.05021449763810613,1,1
-0.14051780957101845,-0.2976286100452149,0.18124505057794332,-0.16217979056445458,-0.061856691381622045,-0.09649580633652377,3.288356347293053,-0.4392565642149911,-0.01959150158092918,-0.30925276841026944,-0.31819532727054617,-0.7908564678938113,-0.26203802353839334,-0.04976381218564783,1,1
-0.13305976588277835,-0.26314989449576925,0.37752456350388935,-0.13508346867874718,-0.07240774041515503,-0.0960114083277655,1.9152871753818845,-0.4030245143514234,0.20006469201064528,-0.33818486433553796,-0.31819532727054617,-0.7039273057408566,-0.22009926306883396,-0.04691276811462477,1,1
-0.14190820189865183,-0.33210732559466066,0.020652721820351033,-0.3066935072882276,-0.09469833935938937,-0.09747604466261012,0.0815171808226305,-0.47548861407855886,-0.19931020542858108,-0.1549482568088373,-0.31819532727054617,-1.0099291810835251,-0.18814592175869335,-0.049827962869794074,1,1
-0.14161550125295067,0.5643392786909276,1.0198938785342586,0.08168710640691228,-0.09776061952009112,-0.0978011980988243,-0.34490903742033563,0.4665446823742025,0.918939507401253,-0.20316841668428484,3.142723711809093,-1.1013702143356918,0.1074224853601065,-0.05022235441348932,0,0
-0.14179507332824157,-0.3665860411441064,-0.4432806723682488,-0.6453975308595705,-0.0954767389969254,-0.09174422609426566,-0.24571366686485446,-0.4392565642149911,-0.6386225926117302,0.20670294225701924,-0.31819532727054617,-0.2119762614883367,-0.02039087988045565,-0.04981252179929525,0,0
-0.14138746754305842,0.46090313204259054,0.27046301099882786,-0.2525008635168127,-0.08435602688573099,-0.08443938886722979,-0.03417194517584021,0.3578485327834993,0.08025222277887738,-0.21281244865937438,-0.31819532727054617,0.21972871487938175,-0.15219841278478533,-0.04881494082807111,1,1
-0.14186737454583734,0.28850955429536196,-0.6038730011258411,-0.12153530773589301,-0.09557035476257805,-0.09656527857626859,-0.11898501238460722,0.17668828346566054,-0.4589038887640783,-0.35265091229817275,-0.31819532727054617,-0.804278492478434,-0.42979306541663154,-0.050217803670562715,1,1
-0.1313495130585866,-0.40106475669355207,-0.5860294090416642,-0.28862929269775595,-0.09514923449457771,-0.0964295049044293,-0.0855516829966897,-0.4030245143514234,-0.47887263363603955,-0.17423632075901632,-0.31819532727054617,-0.7782873564784787,-0.2880001133528825,-0.04989422485745374,1,1
-0.1418998743133793,-0.33210732559466066,-0.12209601485306432,-0.29766139999299174,-0.09514103685182256,-0.09588380912110729,-0.11859359953792512,-0.47548861407855886,-0.3590601644042717,-0.16459228878392682,-0.31819532727054617,-0.6827500442542944,-0.24406426905143933,-0.04993960424027268,1,1
-0.11675088437627013,0.28850955429536196,-0.3540627119473643,-0.031214234783535355,-0.08924009393646411,-0.05068347197850024,-0.2825920671862407,0.17668828346566054,-0.6186538477397688,-0.32371881637290373,-0.31819532727054617,1.0087056232007505,-0.45375807139923646,-0.045537548896451244,0,0
-0.14164679999744567,1.1504774430315046,-0.015034462348002837,-0.44669117036438266,0.32359608915394594,0.0007580575326572469,1.171207098984144,1.082489530054854,-0.23924769517250377,-0.00546576119494993,-0.31819532727054617,1.4983261085602917,-0.07630922717320157,-0.016645765057280278,1,1
-0.14166692061890676,-0.33210732559466066,-0.4432806723682488,-0.4150787948310573,-0.09775358814943,-0.0963900763337982,-0.3443298851122466,-0.47548861407855886,-0.6386225926117302,-0.03921987310776324,3.142723711809093,-0.770920416340529,-0.2240934307326015,-0.050148125331611414,0,0
-0.14163785749901853,0.28850955429536196,0.05633990598870484,0.7365148853115085,-0.08182544585208795,-0.05684764957219382,-0.211426820010128,0.17668828346566054,-0.1593727156846585,0.49602390150970443,-0.31819532727054617,0.9172568389197148,0.3630492158412306,-0.04552631392034179,0,0
-0.1418823103067104,-0.05627760119909502,-0.7109345536309026,-0.18476005880254415,-0.09759577379611489,-0.09582405052959174,-0.33099507073860945,-0.18563221517001688,-0.3390914195323103,-0.28514268847254565,-0.31819532727054617,-0.6730524448329744,-0.3379272091499771,-0.0499337213449779,0,0
-0.1417632570366501,0.3229882698448077,-0.46112426445242577,-0.33830588282155294,-0.0974124189312538,-0.08103449688766343,-0.33853281054387213,0.2129203333292283,-0.6186538477397688,-0.12119414489602402,3.142723711809093,0.35485016894787036,-0.2860030295209987,-0.04795121487184998,0,0
-0.14191050945980538,-0.2976286100452149,-0.2826883436106584,-0.1486316296216009,-0.09612125948713567,-0.09295192957990714,-0.2616672493491377,-0.4392565642149911,-0.5387788682519256,-0.32371881637290373,-0.31819532727054617,-0.31933630011412245,-0.42979306541663165,-0.04995306608460716,0,0
-0.14189646784665777,-0.021798885649649342,-0.2826883436106584,0.05459078452120485,-0.0948919535797259,-0.09334703629979212,-0.19052602289215656,-0.14940016530644917,-0.5387788682519256,-0.23210051260955336,-0.31819532727054617,-0.35845086990657354,-0.35390387980504795,-0.048397573978203046,1,1
-0.14168704124036785,0.46090313204259054,0.3418373793355356,0.3887787544449299,-0.08720805766713538,-0.09522527642707895,0.4434598363073192,0.3578485327834993,0.16012720226672272,0.1247286704687584,-0.31819532727054617,-0.5827755869299639,0.15135832966154958,-0.042960542225264416,1,1
-0.14165350687126602,-0.4700221877924435,-0.13993960693724125,-0.5460443506119761,-0.0938703145840233,-0.09005211685538357,-0.20437303763668777,-0.33056041462428787,-0.379028909276233,0.10061859053103415,-0.31819532727054617,-0.08520092965379707,-0.03037629903987492,-0.04987339546853311,1,1
-0.14115272695934583,-0.12523503229798644,-0.5324986327891317,-0.4105627411834394,-0.09761635823762807,-0.09769939369543618,-0.32294796032499995,-0.2580963148971524,-0.5387788682519256,-0.044041889095308,-0.31819532727054617,-1.0714086969182874,-0.19813134091811296,-0.05015954573615891,0,0
-0.14186990750851686,0.529860563141482,0.9306759181133739,0.11781553558785553,-0.09754896573369687,-0.09727254378635247,-0.3176236815421557,0.43031263251063484,0.8190957830414463,-0.16459228878392682,-0.31819532727054617,-0.9583386304189114,0.1094195691919902,-0.05004067575987561,0,0
-0.14155066813935385,-0.40106475669355207,0.03849631390452797,-0.4647553849548543,-0.09511965143132571,-0.09720290641849282,-0.012072832213387171,-0.4030245143514234,-0.17934146055661976,0.013822302755229103,-0.31819532727054617,-0.9415392598144678,-0.04235880203117726,-0.049459008621174055,1,1
-0.14165127124665924,0.11611597654813348,0.466742523924774,-0.12605136138351136,-0.09722349169511357,-0.09753821461027326,-0.26830904074261247,-0.004471965852178181,0.29990841637045196,-0.3478288963106275,-0.31819532727054617,-1.0264963122275699,-0.19813134091811233,15.677917598760496,0,0
-0.14184764180524556,0.012679829899796392,-0.1756267911055951,-0.08089082490733232,-0.09771879590678638,-0.09683784963550177,-0.34031739745953277,-0.1131681154428814,-0.4189663990201557,-0.376760992235896,3.142723711809093,-0.8596316273522182,-0.43778140074416616,-0.05021690398604479,0,0
-0.14065194704742565,1.0470412963831675,0.6630220368507201,-0.11250320044065766,-0.093076118419706,-0.09744607171112107,0.3000116223390272,0.9737933804641511,0.5195646099620265,-0.3622949442732617,-0.31819532727054617,-1.002082647446694,-0.14421007745725017,-0.049347531658676023,1,1
-0.1416937481141882,-0.2976286100452149,-0.37190630403154123,-0.08540687855495022,-0.09640172640887225,-0.08481254726476302,-0.3128614832874981,-0.4392565642149911,-0.6386225926117302,-0.3815830082234407,-0.31819532727054617,0.20316290663248068,-0.5076793348600986,-0.04968686353915191,0,0
-0.1418857021963638,-0.40106475669355207,-0.22915756735812584,-0.4060466875358215,-0.09768823586468436,-0.09595901867682155,-0.3386686592632855,-0.4030245143514234,-0.47887263363603955,-0.04886390508285269,3.142723711809093,-0.6951531154640382,-0.1841517540949258,-0.050143750188679885,0,0
-0.1419186188700594,0.5988179942403733,0.07418349807288177,0.03652656993073278,-0.07506225049755642,-0.07598372294368244,-0.003347029774948314,0.5027767322377703,-0.13940397081269715,-0.25138857655973285,-0.31819532727054617,0.5162270648927778,-0.25005552054709107,-0.04696086051669847,1,1
-0.1416400931236253,0.28850955429536196,-0.9072140665568469,0.3571663789116046,-0.07873201724581261,-0.09001587904428952,0.34089529831163967,0.17668828346566054,-0.11943522594073781,0.09097455855594516,-0.31819532727054617,-0.08272647474597117,0.03952163507605726,-0.049726749639057405,1,1
-0.1418707192638116,0.28850955429536196,-0.42543708028407196,0.4610356128068164,-0.09098040970892757,-0.09454842337251612,0.09958824533073736,0.17668828346566054,-0.6585913374836915,0.20188092626947446,-0.31819532727054617,-0.4932576729883247,-0.030376299039874502,-0.04876298183935955,1,1
-0.14187933804379566,0.4264244164931448,-1.1570243557353257,-0.08992293220256813,-0.09754735623287814,-0.09778122612898536,-0.31127234740581183,0.3216164829199315,0.16012720226672272,-0.3864050242109855,-0.31819532727054617,-1.095388294910341,-0.27202344269781226,-0.047982023906983605,0,0
-0.14046415458045555,-0.26314989449576925,2.6615043502785345,0.1042673746450018,0.0637024796328739,-0.04079155623408064,0.6431036449424707,-0.4030245143514234,2.756064035621694,-0.1790583367465611,-0.31819532727054617,1.1339401225505923,0.678588461278868,-0.04825447638646233,1,1
-0.14046191895584878,0.0816372609986878,0.14555786640958945,-0.11250320044065766,-0.0949984011723701,-0.06793050121042826,-0.31400286350201045,-0.040704015715745896,-0.05952899132485186,-0.3622949442732617,-0.31819532727054617,0.7140464022272748,-0.31795637083113926,-0.05020640276695692,0,0
-0.14191502729821825,-0.05627760119909502,-0.9429012507252025,-0.6002369943833914,-0.07775317674822554,-0.09711395756043796,2.1014034356279323,-0.18563221517001688,-0.07949773619681319,0.1584827823815717,-0.31819532727054617,-0.9206625970165188,0.1074224853601065,-0.04979158935707714,1,1
-0.14144782940744166,-0.4700221877924435,0.18124505057794332,0.16297607206403414,-0.08246329486981283,-0.09150433022017508,0.30208610716812784,-0.33056041462428787,-0.01959150158092918,-0.11637212890847977,-0.31819532727054617,-0.19251389677231068,-0.10227131698769114,-0.049712695269114336,1,1
-0.14181200460763863,-0.4355434722429977,-0.5860294090416642,-0.284113239050138,-0.09714188019789716,-0.0969333080262984,-0.27367500866741623,-0.3667924644878557,-0.47887263363603955,-0.1790583367465611,-0.31819532727054617,-0.8801235335339354,-0.2919942810166501,-0.04976003192650598,0,0
-0.14181484541582645,0.46090313204259054,-0.9607448428093794,-0.4241109021262931,-0.09321044906056648,-0.09035793087532433,-0.17531734916490307,0.3578485327834993,-0.05952899132485186,-0.02957584113267372,-0.31819532727054617,-0.10644633117026565,-0.04235880203117726,-0.04956514747371678,1,1
-0.14188604514117847,-0.33210732559466066,-0.3183755277790104,-0.20734032704063365,-0.09708088834216719,-0.09485472109444669,-0.29788295027427464,-0.47548861407855886,-0.5787163579958462,-0.2610326085348219,-0.31819532727054617,-0.5323275814322138,-0.3898513887789554,-0.04958989911656773,0,0
-0.14111248571642368,-0.3665860411441064,1.2161733914602046,0.22620082313068532,-0.09571342864577942,-0.0902762837514859,-0.2693673071171261,-0.4392565642149911,1.1385957009928274,-0.04886390508285269,-0.31819532727054617,-0.10070949008318383,0.30113961705283343,-0.04921485908294333,0,0
-0.14121308882372907,0.46090313204259054,0.2169322347462972,0.06362289181644068,-0.08958962967106317,-0.08351141083297996,-0.16621036140382503,0.3578485327834993,0.0203459881629935,-0.22245648063446385,-0.31819532727054617,0.2592699544225195,-0.1781605025992744,-0.04663380188288771,1,1
-0.14190411963549393,-0.33210732559466066,-0.2648447515264797,-0.25701691716443065,-0.09286544155110059,-0.09785828750199863,0.45400140659130567,-0.47548861407855886,-0.5188101233799622,-0.2079904326718296,-0.31819532727054617,-1.1187627406145155,-0.3279417899905582,-0.04980386985141261,1,1
8.93680666636145,0.3574669853942534,0.05633990598870484,0.15394396476879876,-0.09733320139140332,-0.09474805295925946,-0.31599612165971375,0.2491523831927961,-0.1593727156846585,-0.1260161608835688,-0.31819532727054617,-0.5184675796990884,-0.15219841278478533,-0.04974405892831142,0,0
0.48875239099963186,-0.12523503229798644,0.2883066030830048,0.05910683816882276,-0.09658509204923536,-0.09679505296981447,-0.21520849455995697,-0.2580963148971524,0.10022096765083871,-0.2272784966220086,-0.31819532727054617,-0.8506395537051322,-0.15818966428043665,-0.049926790302449155,0,0
-0.1405066314479845,-0.4700221877924435,-0.9607448428093794,-0.3157256145834634,-0.09532153082089673,-0.06860806173657852,-0.3170570514096245,-0.33056041462428787,-0.05952899132485186,-0.14530422483374777,-0.31819532727054617,0.6994327232565117,-0.1382188259615988,-0.04982015518099993,0,0
-0.14103200323057935,-0.26314989449576925,-0.3005319356948335,-0.09895503949780393,0.37858524495194307,-0.0898566075629509,16.5608839928222,-0.4030245143514234,-0.5587476131238849,-0.376760992235896,-0.31819532727054617,-0.07195539323014188,-0.4797201612137256,-0.04710709181378232,1,1
-0.14188322132373765,0.49538184759203624,-0.2826883436106584,0.19910450124497786,-0.09197766661702092,-0.038185872090124584,-0.3112847460904385,0.3940805826470671,-0.5387788682519256,-0.07779600100812123,-0.31819532727054617,1.163449484395611,-0.22609051456448584,-0.041660567181251426,0,0
-0.14173789208698642,-0.26314989449576925,-0.12209601485306432,-0.216372434335869,-0.08989638235243291,-0.09040103695933335,-0.050326540606695384,-0.4030245143514234,-0.3590601644042717,-0.25138857655973285,-0.31819532727054617,-0.10949458969998323,-0.3159592869992559,-0.04965682344121169,1,1
-0.14189875513305852,-0.15971374784743214,0.05633990598870484,-0.2299205952787232,-0.0968220309713695,-0.09770707313724437,-0.20149436830436107,-0.2943283647607201,-0.1593727156846585,-0.23692252859709811,-0.31819532727054617,-1.0736237276139136,-0.2440642690514393,-0.04991202767960492,1,1
-0.14190693514799757,-0.19419246339687785,-0.2826883436106584,-0.8802323205357016,-0.09774379107017502,-0.09757836020183226,-0.34249576524267733,-0.33056041462428787,-0.5387788682519256,0.4574477736093464,3.142723711809093,-1.0374109246223409,0.2172620961137138,-0.05017747362558516,0,0
-0.1418968845670845,0.28850955429536196,-0.1756267911055951,1.8971406727493103,-0.09770042223910477,-0.09508926838620226,-0.3406926202282465,0.17668828346566054,-0.4189663990201557,1.735282010308706,3.142723711809093,-0.5638256254503875,1.3116640359860274,-0.05022264539163022,0,0
-0.14191954619879155,0.0816372609986878,-0.49681144862077964,-0.2750811317549018,-0.09769443141916377,-0.09572032592118773,-0.3395417051499951,-0.040704015715745896,-0.5787163579958462,-0.18870236872165108,3.142723711809093,-0.6565387884343746,-0.32993887382244236,-0.05021738220597957,0,0
-0.14191392916329804,-0.40106475669355207,-0.3183755277790104,-0.238952702573959,-0.09533639814022028,-0.06046741700518282,-0.3229769601068651,-0.4030245143514234,-0.5787163579958462,-0.2272784966220086,-0.31819532727054617,0.8572644660727046,-0.36189221513258246,-0.049841874594578096,0,0
-0.14088221638192466,-0.22867117894632355,-0.621716593210018,-0.7492667647547824,-0.08673975111659603,-0.09252352900231417,0.18403942968976406,-0.3667924644878557,-0.43893514389211696,0.31760930997054854,-0.31819532727054617,-0.27930295046820625,0.13138749134271188,-0.04975220357862263,1,1
-0.14188619537515204,0.11611597654813348,-0.10425242276888738,-0.04476239572638907,-0.09727149009132167,-0.09491962596010409,-0.3106871848873262,-0.004471965852178181,-0.3390914195323103,-0.33818486433553796,-0.31819532727054617,-0.5409001320478085,-0.38186305345142035,-0.046687786909151395,0,0
-0.12986282269507354,0.3574669853942534,-0.05072164651635665,0.11781553558785553,-0.09517733233446764,-0.0975139835033069,0.020129869796729375,0.2491523831927961,-0.27918518491642635,-0.16459228878392682,-0.31819532727054617,-1.0199915173165828,-0.2200992630688339,-0.04987605284298046,1,1
-0.14167809874194068,0.6332967097898157,1.9120734827431045,-0.19830821974539786,-0.09677027120658883,-0.09640401042955885,-0.24730137475298478,0.5390087821013344,1.917376750999319,-0.2706766405099114,-0.31819532727054617,-0.7735148721985379,0.3510667128499279,-0.05013515896517427,0,0
-0.13988289218269104,-0.33210732559466066,-0.1756267911055951,-0.09443898585018604,-0.08720732636973147,-0.053541774277715934,-0.26289580582025096,-0.47548861407855886,-0.4189663990201557,-0.3815830082234407,-0.31819532727054617,0.9678108029895406,-0.4417755684079338,-0.04980556732076843,0,0
-0.14190235226511896,-0.09075631674854416,-1.0499628032302641,0.11781553558785553,-0.08597098765133514,-0.09581994024404002,0.6588344956021769,-0.22186426503358825,0.0403147330349547,-0.16459228878392682,-0.31819532727054617,-0.6723904405830988,-0.12423923913841241,-0.04694761051643413,1,1
-0.1407234870348428,0.04715854544924207,0.03849631390452797,-0.17572795150730833,-0.0977471358686149,-0.09164030951458346,-0.3445432720109949,-0.07693606557931368,-0.17934146055661976,-0.29478672044763515,3.142723711809093,-0.20347781745076415,-0.2979855325123014,-0.05022137074848288,0,0
-0.14127792193732588,-0.22867117894632355,-0.06856523860053358,-0.38346641929773195,-0.060845876018517445,-0.006208051690151439,-0.2024856382454886,-0.3667924644878557,-0.29915392978838773,-0.07297398502057648,-0.31819532727054617,1.449212256758857,-0.1502013289529015,-0.04982845595876847,1,1
-0.14181026685663178,0.3229882698448077,-0.3183755277790104,-0.11250320044065766,-0.0970204639962104,-0.09259430749995631,-0.3092392870612809,0.2129203333292283,-0.5787163579958462,-0.3622949442732617,-0.31819532727054617,-0.28575809669795593,-0.47372890971807435,-0.049102973075590806,0,0
-0.14191450866491873,-0.3665860411441064,-0.3897498961157181,-0.08540687855495022,-0.09776244644898965,-0.01971194756086442,-0.345202055594256,-0.4392565642149911,-0.6585913374836915,-0.3815830082234407,3.142723711809093,1.342651193889243,-0.5136705863557499,-0.05022270481643483,0,0
-0.14190729037967476,-0.40106475669355207,0.03849631390452797,0.44297139821634474,-0.09767085677583941,-0.09658253656446808,-0.33570224530271187,-0.4030245143514234,-0.17934146055661976,0.18259286231929545,-0.31819532727054617,-0.8076538483971448,0.09743706620068751,-0.050109446159493594,0,0
-0.14082185451754142,0.1850734076470249,-0.5681858169574873,0.09975132099738392,-0.09696353522310962,-0.09334202693234643,-0.30218431741042584,0.06799213387495731,-0.4988413785080009,-0.18388035273410583,-0.31819532727054617,-0.35794073655347963,-0.301979700176069,0.017646802914362297,0,0
-0.14185847161796575,0.15059469209757576,-0.3897498961157181,-0.11250320044065766,-0.09754919992127414,-0.09765426502172958,-0.3133223743765661,0.031760084011385956,-0.6585913374836915,-0.3622949442732617,-0.31819532727054617,-1.058534477770104,-0.4976939157006797,-0.0501984352507955,0,0
-0.14058487830922203,-0.09075631674854416,-0.22915756735812584,0.15846001841641666,-0.09746373833718516,0.08197457742263903,-0.3446066531286429,-0.22186426503358825,-0.47887263363603955,-0.12119414489602402,3.142723711809093,1.9036690451332279,-0.24406426905143927,-0.01821263104779275,0,0
1.4065657170698007,-0.5045009033418892,0.05633990598870484,-0.08992293220256813,-0.09774713598714543,-0.0978229262612948,-0.342740124175267,-0.2943283647607201,-0.1593727156846585,-0.3864050242109855,3.142723711809093,-1.1079379278213664,-0.36788346662823385,-0.05015689411537134,0,0
-0.14179216768694014,-0.15971374784743214,-0.193470383189772,-0.29314534634537387,-0.09767557177634097,-0.0843724179640163,-0.3431948703504297,-0.2943283647607201,-0.43893514389211696,-0.16941430477147157,3.142723711809093,0.22265991312871541,-0.27202344269781226,-0.04996790197362239,0,0
-0.1334353508167185,-0.09075631674854416,-0.15778319902141996,-0.2299205952787232,-0.09427060077804694,-0.09618811011203553,-0.0197594000868773,-0.22186426503358825,-0.39899765414819627,-0.23692252859709811,-0.31819532727054617,-0.734377057235073,-0.31595928699925613,-0.04991517976735822,1,1
-0.14173783910268323,0.0816372609986878,0.10987068224123385,0.03652656993073278,-0.09533028268363923,-0.09419031942824925,-0.19538676236400304,-0.040704015715745896,-0.09946648106877648,-0.25138857655973285,-0.31819532727054617,-0.45023342037620684,-0.23807301755578897,-0.050190883016648695,1,1
-0.14037920084539768,0.04715854544924207,2.6793479423627113,0.813287797321013,-0.09762622428727968,-0.09713839392900178,-0.32840563414060026,-0.07693606557931368,2.7760327804936553,0.5779981732979653,-0.31819532727054617,-0.9263349189677357,1.3116640359860274,-0.049447720665662415,0,0
-0.1418108897016472,-0.19419246339687785,-0.03287805443217971,-0.12605136138351136,-0.09715104512155051,-0.096897699946628,-0.27551938179948127,-0.33056041462428787,-0.25921644004446504,-0.3478288963106275,-0.31819532727054617,-0.8724078537686965,-0.36588638279635005,-0.05021969284336351,0,0
-0.14191707223134806,-0.40106475669355207,-0.2648447515264797,-0.5505604042595944,-0.09464189871653023,-0.09649906371173511,-0.02912323785635269,-0.4030245143514234,-0.5188101233799622,0.10544060651857938,-0.31819532727054617,-0.791479959812343,-0.06832089184566642,-0.04941653075802852,1,1
-0.14191605133292334,-0.021798885649649342,-0.3005319356948335,-0.17572795150730833,-0.09694488390665924,-0.09668051667028557,-0.2579728030632672,-0.14940016530644917,-0.5587476131238849,-0.29478672044763515,-0.31819532727054617,-0.827138293241511,-0.41181931092967705,-0.050101081184174,0,0
-0.14189761393660552,-0.15971374784743214,-0.9250576586410238,1.6171453465969996,-0.09766513713936598,-0.09525205799553452,-0.3378893837221952,-0.2943283647607201,-0.09946648106877648,1.436317019080931,3.142723711809093,-0.5865695334691285,1.159885664762859,-0.04950760011792997,0,0
8.99272187340179,0.4264244164931448,0.12771427432541252,0.15846001841641666,12.614012263054367,25.200467830930076,-0.1628655565415018,0.3216164829199315,-0.07949773619681319,-0.12119414489602402,-0.31819532727054617,5.289129605750966,-0.12423923913841234,3.2213763790467262,1,1
-0.12009090753880931,0.21955212319647063,-0.3183755277790104,0.045558677225969034,-0.009601168381459038,-0.06610058284629287,0.5963284829358192,0.1042241837385251,-0.5787163579958462,-0.2417445445846429,-0.31819532727054617,0.7520260321147775,-0.3738747181238852,-0.007529251253404092,1,1
-0.14179477084823228,0.0816372609986878,-0.4432806723682488,-0.4195948484786752,-0.0952223225696945,-0.09173971417854748,-0.2346997239970586,-0.040704015715745896,-0.6386225926117302,-0.03439785712021848,-0.31819532727054617,-0.21160507640551404,-0.2200992630688339,-0.05015797816932023,0,0
-0.1416937481141882,-0.2976286100452149,-0.40759348819989505,-0.0718587176120965,-0.09769805665722747,-0.09571899931761647,-0.3398449712806928,-0.4392565642149911,-0.6785600823556528,-0.3671169602608065,3.142723711809093,-0.656330137346854,-0.5076793348600986,-0.05022264954296652,0,0
-0.0203708719530932,-0.09075631674854416,0.39536815558806626,0.02297840898787952,-0.09382100768268631,-0.08860912234515768,-0.2205261110095013,-0.22186426503358825,0.2200334368826066,-0.26585462452236663,-0.31819532727054617,0.007024439240514913,-0.15419549661666904,-0.04977094638421578,0,0
-0.12712865380097352,1.357349736328179,0.6630220368507201,0.4474874518639626,-0.09692028954166017,-0.09783345688677907,-0.20927578110899664,1.2998818292362608,0.5195646099620265,0.1874148783068402,-0.31819532727054617,-1.1111437530996435,0.31112503621225235,-0.05022263305645836,1,1
-0.14163115062519818,-0.5389796188913349,-0.7287781457150796,-0.08992293220256813,-0.08683112270436084,-0.09523155949934368,0.47268382929246333,-0.2580963148971524,-0.31912267466034905,-0.3864050242109855,-0.31819532727054617,-0.5836637815488932,-0.41581347859344464,-0.049750663677526424,1,1
-0.14183023143149528,-0.2976286100452149,0.5381168922614816,0.00039814074978998786,-0.07683484392714426,-0.092638381316101,0.675115042396608,-0.4392565642149911,0.3797833958582972,-0.2899647044600904,-0.31819532727054617,-0.28980862157173864,-0.1262363229702962,-0.049767983436298846,1,1
-0.1347051855933733,0.46090313204259054,-0.22915756735812584,-0.36991825835487824,-0.09590771453907533,-0.08405084221611539,-0.3032147956661474,0.3578485327834993,-0.47887263363603955,-0.08744003298321075,-0.31819532727054617,0.2365628769885614,-0.21610509540506634,-0.050208905123515175,0,0
-0.14172784317794138,0.49538184759203624,0.48458611600895096,0.5513566857591744,-0.09240775461698761,-0.093189319851438,-0.0632682531364764,0.3940805826470671,0.3198771612424133,0.2983212460203695,-0.31819532727054617,-0.34256894543844996,0.3430783775223927,-0.049780780400042135,1,1
-0.12978681145844279,-0.15971374784743214,-0.3005319356948335,0.05910683816882276,-0.09592547041130765,-0.09749289760782043,-0.08771172259802788,-0.2943283647607201,-0.5587476131238849,-0.2272784966220086,-0.31819532727054617,-1.0143807999748027,-0.3559009636369311,-0.04989878718909828,1,1
-0.14118402570384087,-0.2976286100452149,-0.3540627119473643,1.468115576225609,-0.0969196746196781,-0.09055928498764224,-0.313083564276671,-0.4392565642149911,-0.6186538477397688,1.2771904914919545,-0.31819532727054617,-0.12080271513242159,0.8723055929715949,-0.0498731091733516,0,0
-0.14169598373879497,-0.22867117894632355,-0.3897498961157181,-0.08540687855495022,-0.09661987105956252,-0.0884053317071246,-0.30969050731840975,-0.3667924644878557,-0.6585913374836915,-0.3815830082234407,-0.31819532727054617,0.019104791694860058,-0.5136705863557499,-0.05003796139869106,0,0
-0.14190884917065774,0.6332967097898157,0.18124505057794332,0.03652656993073278,0.004065601976116419,0.0040314944393845635,0.009740493507656316,0.5390087821013344,-0.01959150158092918,-0.25138857655973285,-0.31819532727054617,1.5202446154319769,-0.21410801157318296,2.0499130293121715,1,1
-0.14151489814564527,0.3229882698448077,0.6094912605981894,0.2487810913687748,-0.09544574111025787,-0.09583153977216433,-0.14739648612077472,0.2129203333292283,0.4596583753461425,-0.024753825145128965,-0.31819532727054617,-0.6742603099378849,0.11740790451952542,-0.04327547858154641,1,1
-0.13596831349620772,-0.883766774385792,0.4488989318405971,0.8855446556828994,-0.0956023820688721,-0.09612578671861224,-0.14705339840898796,0.1042241837385251,0.27993967149849064,0.6551504290986814,-0.31819532727054617,-0.7234823902092301,0.6266642816498899,-0.04931097959781554,1,1
-0.14177280382440846,-0.26314989449576925,-0.3183755277790104,-0.11250320044065766,-0.0973256976909784,-0.09505924525965606,-0.31364443969575795,-0.4030245143514234,-0.5787163579958462,-0.3622949442732617,-0.31819532727054617,-0.5597121067742074,-0.47372890971807435,-0.05021566278405939,0,0
-0.14185062994109499,0.4264244164931448,-1.103493579482795,-0.7537828184024002,-0.09615882719738618,-0.09752004822054854,-0.11803908695184027,0.3216164829199315,0.10022096765083871,0.3224313259580933,-0.31819532727054617,-1.0216138023978143,0.29714544938906573,-0.044673979218669495,1,1
2.756605762117663,0.11611597654813348,0.12771427432541252,4.073878530901141,-0.09477974432615037,-0.09627771856371285,-0.06066375030400769,-0.004471965852178181,-0.07949773619681319,4.059493716305278,-0.31819532727054617,-0.7503509292415804,3.3387041253480674,-0.0495932617846587,1,1
-0.14162444375137778,-0.26314989449576925,-0.5860294090416642,-0.07637477125971441,-0.09647237742461501,-0.09784092762135149,-0.13628875528962123,-0.4030245143514234,-0.47887263363603955,-0.3719389762483512,-0.31819532727054617,-1.113427176623665,-0.4517609875673527,-0.04980856070842193,1,1
-0.14166468499429996,0.1850734076470249,-0.13993960693724125,0.0139463016926437,-0.0966203929530438,-0.09242311706341273,-0.2910860603257918,0.06799213387495731,-0.379028909276233,-0.27549865649745614,-0.31819532727054617,-0.27024813068987663,-0.3419213768137446,-0.05008282555010639,0,0
-0.14140088129069914,-0.15971374784743214,-0.1756267911055951,-0.04024634207877117,-0.09126571519025556,-0.08054121136348415,-0.22454523628441195,-0.2943283647607201,-0.4189663990201557,-0.33336284834799323,-0.31819532727054617,0.3723927140644896,-0.4018338917702582,-0.04990701599048707,0,0
-0.1418515946131128,-0.4700221877924435,-0.7287781457150796,0.8674804410924277,-0.09755387289731782,-0.09716449637855101,-0.3192554490021014,-0.33056041462428787,-0.31912267466034905,0.6358623651485024,-0.31819532727054617,-0.9324462339237883,0.43095006612527925,-0.0489001639804232,0,0
-0.14191633102716741,-1.6767772320230432,-2.120578328280879,-1.6118330114498025,-0.09723055395913899,-0.09768763415843111,-0.26458091458744715,0.9375613306005832,1.238439425352634,1.2386143635915967,-0.31819532727054617,-1.068030617085042,1.39753864075703,-0.0501403993624247,0,0
-0.1416967078576051,-0.3665860411441064,-0.3540627119473643,-0.11250320044065766,-0.09762429295813388,-0.09513082983977296,-0.3350746350311897,-0.4392565642149911,-0.6186538477397688,-0.3622949442732617,-0.31819532727054617,-0.5695610391835161,-0.485711412709377,-0.050024871883401545,0,0
-0.14169601190766504,-0.3665860411441064,-0.40759348819989505,-0.08992293220256813,1.2930939427327897,1.6136189682564848,-0.05066176872819114,-0.4392565642149911,-0.6785600823556528,-0.3864050242109855,-0.31819532727054617,3.4419974046848805,-0.5236560055151689,0.3705400269539331,1,1
-0.14191718653335916,0.15059469209757576,-0.05072164651635665,-0.1576637369168367,-0.09554900705633829,-0.08969720580366794,-0.26785010521570735,0.031760084011385956,-0.27918518491642635,-0.31407478439781417,-0.31819532727054617,-0.06134218619537035,-0.3439184606456284,-0.050196727014107406,0,0
-0.14181537771804534,-0.2976286100452149,-0.5324986327891317,-0.05831055666924324,-0.09304791102887885,-0.09344466616467764,-0.08742380522821072,-0.4392565642149911,-0.5387788682519256,-0.35265091229817275,-0.31819532727054617,-0.3684695829218292,-0.45375807139923746,-0.04995102395631418,1,1
-0.1417440456437166,0.3229882698448077,-0.06856523860053358,0.31200584243542545,1.3121059048195398,1.1315134075532027,0.07023763955341686,0.2129203333292283,-0.29915392978838773,0.04275439868049759,-0.31819532727054617,3.215343592365562,-0.054341305022479955,8.01654986272783,1,1
-0.1418748319188382,0.0816372609986878,-0.5324986327891317,-0.19830821974539786,-0.07421472709209762,0.028651019485340688,-0.27881913018650356,-0.040704015715745896,-0.5387788682519256,-0.2706766405099114,-0.31819532727054617,1.6658782557058105,-0.38585722111518844,-0.04751680267747607,0,0
-0.14102082510754543,0.0816372609986878,0.6273348526823646,0.00943024804502579,-0.09767058774747225,-0.09268713713123476,-0.3406933258458485,-0.040704015715745896,0.4796271202181018,-0.2803206724850009,3.142723711809093,-0.2943174724179043,-0.08829173016450488,-0.049135979775769674,0,0
-0.13887686110963707,-0.5389796188913349,-0.46112426445242577,-0.4060466875358215,-0.0966407485947307,-0.09583623269874925,-0.24932245416043522,-0.2580963148971524,-0.6186538477397688,-0.04886390508285269,-0.31819532727054617,-0.6750182702993254,-0.22609051456448523,-0.04992259961821362,0,0
-0.14103647447979292,-0.33210732559466066,-0.42543708028407196,-0.0628266103168607,0.37675916444460034,-0.08985984649579329,16.50141070364632,-0.47548861407855886,-0.6585913374836915,-0.3574729282857169,-0.31819532727054617,-0.07217275719953828,-0.4936997480369121,-0.04976861239997019,1,1
0.48951473899054604,-0.19419246339687785,0.10987068224123385,0.06362289181644068,4.801645985774094,11.026941321670192,-0.18540748842199403,-0.33056041462428787,-0.09946648106877648,-0.22245648063446385,-0.31819532727054617,4.7255228238077365,-0.21410801157318315,-0.049907858579728966,1,1
-0.1416960863539644,-0.2976286100452149,-0.40759348819989505,-0.09443898585018604,-0.09204202402121585,-0.005779931915674259,-0.323187780646444,-0.4392565642149911,-0.6785600823556528,-0.3815830082234407,-0.31819532727054617,1.4523342164235915,-0.5196618378514013,-0.04982368762348842,0,0
-0.1419192472091733,-0.33210732559466066,-0.33621911986318737,0.289425574197336,-0.09160366977446446,-0.09098785177626495,-0.09942998438345901,-0.47548861407855886,-0.5986851028678075,0.01864431874277386,-0.31819532727054617,-0.15239752035115706,-0.16418091577608795,-0.04971974175861777,1,1
-0.1310365256136365,1.2883923052292876,9.888159144370187,6.038361867614929,-0.09722736836155779,-0.05450245545600222,-0.3409416560367354,1.2274177295091253,10.843405708766031,6.157070670887246,3.142723711809093,0.9534998727595249,8.353381627208245,-0.04975886675716695,0,0
-0.14191785693512027,0.04715854544924207,-1.3711474607454488,0.14491185747356294,-0.07687515651694325,-0.09776071992112781,2.9203659749010726,-0.07693606557931368,0.3997521407302585,-0.1356601928586583,-0.31819532727054617,-1.0893001508810847,0.007568293765917277,-0.04949214873603651,1,1
-0.14187691104972253,-0.22867117894632355,-0.03287805443217971,-0.04927844937400698,-0.025024480621626523,0.05368175229247808,-0.17352797065460418,-0.3667924644878557,-0.25921644004446504,-0.34300688032308274,-0.31819532727054617,1.7877845039228168,-0.36189221513258246,-0.04986422598698734,1,1
-0.14123097382058336,-0.021798885649649342,1.8406991144063969,0.32555400337827917,0.2575166300706448,0.014328915774526916,0.7817354548050829,-0.14940016530644917,1.8375017715114736,0.05722044664313186,-0.31819532727054617,1.5849552696131384,0.598705108003517,512.816000666843,1,1
-0.14123544506979696,-0.22867117894632355,-0.621716593210018,-0.4241109021262931,-0.09429450155989919,-0.09664112990673285,0.02056748029683052,-0.3667924644878557,-0.43893514389211696,-0.02957584113267372,-0.31819532727054617,-0.8192391634394527,-0.1561925804485529,-0.049807947885540375,1,1
-0.14161997250216424,-0.40106475669355207,0.466742523924774,-0.15314768326921835,-0.09475380984788312,-0.09642341242518741,-0.04676007420622729,-0.4030245143514234,0.29990841637045196,-0.3188968003853594,-0.31819532727054617,-0.7771438415232853,-0.1741663349355073,-0.050044985357188876,1,1
-0.14169598373879497,-0.33210732559466066,-0.40759348819989505,-0.09443898585018604,-0.06303200735451593,-0.053712592716582686,-0.07338502067892876,-0.47548861407855886,-0.6785600823556528,-0.3815830082234407,-0.31819532727054617,0.9652879021907526,-0.5196618378514013,-0.049838973609858506,1,1
-0.1418325488799627,0.46090313204259054,3.446622401982319,0.853932280149574,-0.09638984426279228,-0.09033578178711277,-0.2940913605852919,0.3578485327834993,3.634688809987993,0.6213963171858681,-0.31819532727054617,-0.10488530367135578,1.6052353592729434,-0.0024236405225931197,0,0
-0.11718459554998674,-0.40106475669355207,-0.21131397527394893,0.07717105275929437,0.09657230878108013,0.15368238639699489,-0.06728363370952159,-0.4030245143514234,-0.4589038887640783,-0.2079904326718296,-0.31819532727054617,2.1315193228283658,-0.30996803550360413,-0.04988748269145407,1,1
-0.141622208126771,0.28850955429536196,-0.03287805443217971,0.14039580382594505,-0.09634249455180592,-0.09782676450549677,-0.11669991777147296,0.17668828346566054,-0.25921644004446504,-0.14048220884620305,-0.31819532727054617,-1.109104665645819,-0.19413717325434474,-0.04897000153302016,1,1
-0.14165797812047962,-0.7458519121880092,-0.33621911986318737,-0.8937804814785553,-0.09628030912963528,-0.09687462434267828,-0.17749745698469593,-0.040704015715745896,-0.5986851028678075,0.47191382157198064,-0.31819532727054617,-0.8674536918793014,0.21127084461806311,-0.04982553107751755,1,1
-0.1412891000603598,0.7712115719876019,0.18124505057794332,-0.10798714679303975,-0.055078723891368156,-0.008240660516410103,-0.17653830172896476,0.6839369815556091,-0.01959150158092918,-0.3671169602608065,-0.31819532727054617,1.4341929801276811,-0.3099680355036041,-0.04668661149632613,1,1
-0.14134946192474307,0.8746477186359392,1.9834478510798124,0.31200584243542545,-0.08920677356992737,-0.0959452132510407,0.4053708125305091,0.7926331311463124,1.9972517304871644,0.04275439868049759,-0.31819532727054617,-0.692859549262129,0.6346526169774249,-0.049714686738235876,1,1
-0.14167139186812033,-0.7113731966385634,-0.24700115944230278,0.31200584243542545,-0.0774641264207614,-0.09726283410881117,2.2678167521681742,-0.07693606557931368,-0.4988413785080009,0.04275439868049759,-0.31819532727054617,-0.9559714370661053,-0.11425381997899342,-0.049772626905322796,1,1
-0.13853257492019194,-0.33210732559466066,-0.12209601485306432,-0.3789503656501141,-0.0977232088340479,-0.09450327504226326,-0.34264863381312155,-0.47548861407855886,-0.3590601644042717,-0.07779600100812123,3.142723711809093,-0.48768237514715124,-0.1721692511036231,-0.050138414070464744,0,0
-0.11742157175830611,0.5643392786909276,0.39536815558806626,0.14491185747356294,-0.08312338488289511,-0.07625463225358982,-0.1222375946090842,0.4665446823742025,0.2200334368826066,-0.1356601928586583,-0.31819532727054617,0.5084701938920446,-0.04635296969494487,-0.048379720260873706,1,1
-0.14101411823372506,0.7712115719876019,0.8414579576924894,0.0139463016926437,-0.08093212656303442,-0.0938656752573797,0.637357638790643,0.6839369815556091,0.7192520586816398,-0.27549865649745614,-0.31819532727054617,-0.413431803143789,-0.012402544552920497,-0.035801395835914226,1,1
-0.1417242719911945,-0.40106475669355207,-0.1756267911055951,-0.27056507810728436,-0.09769576542631414,-0.096540456066503,-0.3383675854623548,-0.4030245143514234,-0.4189663990201557,-0.19352438470919534,3.142723711809093,-0.7994525845955305,-0.2860030295209987,-0.04947489601156159,0,0
-0.14167809874194068,-0.33210732559466066,-0.4789678565366027,-0.04927844937400698,-0.09772824634532498,-0.09581448661895944,-0.3422924498430433,-0.47548861407855886,-0.5986851028678075,-0.34300688032308274,3.142723711809093,-0.6715130623604849,-0.4637434905586554,-0.0368777801950775,0,0
-0.12210520530952404,0.529860563141482,-0.15778319902141996,0.1042673746450018,-0.09105934852245906,-0.08110551041065504,-0.2170106968461451,0.43031263251063484,-0.39899765414819627,-0.1790583367465611,-0.31819532727054617,0.3522873968717321,-0.2680292750340453,-0.049232340039318506,0,0
